Eastern,Brockville
Eastern,Prince Edward County
Eastern,Quinte West
Eastern,Cornwall
Eastern,Belleville
Eastern,Peterborough
Eastern,Kingston
Eastern,Ottawa
GTA,Brock
GTA,King
GTA,Scugog
GTA,East Gwillimbury
GTA,Georgina
GTA,Whitchurch - Stouffville
GTA,Aurora
GTA,Caledon
GTA,Halton Hills
GTA,Newmarket
GTA,Clarington
GTA,Pickering
GTA,Milton
GTA,Whitby
GTA,Oshawa
GTA,Burlington
GTA,Oakville
GTA,Richmond Hill
GTA,Vaughan
GTA,Markham
GTA,Brampton
GTA,Mississauga
GTA,Toronto
Niagara/Hamilton,Wainfleet
Niagara/Hamilton,West Lincoln
Niagara/Hamilton,Niagara-on-the-Lake
Niagara/Hamilton,Pelham
Niagara/Hamilton,Thorold
Niagara/Hamilton,Port Colborne
Niagara/Hamilton,Lincoln
Niagara/Hamilton,Grimsby
Niagara/Hamilton,Fort Erie
Niagara/Hamilton,Welland
Niagara/Hamilton,Niagara Falls
Niagara/Hamilton,St. Catharines
Niagara/Hamilton,Hamilton
North,Smooth Rock Falls
North,Greenstone
North,Parry Sound
North,Elliot Lake
North,Kenora
North,Timmins
North,North Bay
North,Sault Ste. Marie
North,Thunder Bay
North,Greater Sudbury
Simcoe/Musk./Duff.,Penetanguishene
Simcoe/Musk./Duff.,Gravenhurst
Simcoe/Musk./Duff.,Bracebridge
Simcoe/Musk./Duff.,Springwater
Simcoe/Musk./Duff.,Huntsville
Simcoe/Musk./Duff.,Wasaga Beach
Simcoe/Musk./Duff.,Collingwood
Simcoe/Musk./Duff.,Orangeville
Simcoe/Musk./Duff.,Innisfil
Simcoe/Musk./Duff.,Orillia
Simcoe/Musk./Duff.,Barrie
Southwest,The Blue Mountains
Southwest,Puslinch
Southwest,Central Huron
Southwest,Hanover
Southwest,Minto
Southwest,North Dumfries
Southwest,Grey Highlands
Southwest,Mapleton
Southwest,Lambton Shores
Southwest,Kincardine
Southwest,Meaford
Southwest,Wellesley
Southwest,Wellington North
Southwest,Erin
Southwest,Ingersoll
Southwest,Guelph-Eramosa
Southwest,Saugeen Shores
Southwest,Tillsonburg
Southwest,Middlesex Centre
Southwest,Amherstburg
Southwest,Wilmot
Southwest,Owen Sound
Southwest,Kingsville
Southwest,Strathroy-Caradoc
Southwest,Woolwich
Southwest,Centre Wellington
Southwest,Leamington
Southwest,Sarnia
Southwest,Waterloo
Southwest,Cambridge
Southwest,Kitchener
Southwest,St. Marys
Southwest,Stratford
Southwest,Brant County
Southwest,St. Thomas
Southwest,Chatham-Kent
Southwest,Guelph
Southwest,Windsor
Southwest,London
